ID,emotion
1,1
2,1
3,0
4,6
5,3
6,3
7,2
8,4
9,3
10,2
11,3
12,0
13,4
14,2
15,6
16,5
17,5
18,5
19,5
20,3
21,4
22,5
23,4
24,4
25,0
26,6
27,4
28,6
29,0
30,5
31,3
32,6
33,3
34,6
35,4
36,2
37,4
38,2
39,4
40,3
41,0
42,2
43,0
44,6
45,3
46,3
47,5
48,3
49,5
50,6
51,0
52,3
53,5
54,4
55,6
56,3
57,2
58,4
59,5
60,3
61,6
62,3
63,4
64,5
65,5
66,3
67,5
68,6
69,2
70,3
71,0
72,5
73,6
74,3
75,2
76,6
77,5
78,6
79,4
80,4
81,0
82,0
83,0
84,3
85,5
86,0
87,3
88,3
89,3
90,3
91,6
92,0
93,3
94,4
95,0
96,0
97,3
98,3
99,3
100,0
101,3
102,6
103,0
104,3
105,2
106,5
107,6
108,4
109,5
110,3
111,3
112,0
113,0
114,6
115,3
116,2
117,3
118,6
119,2
120,6
121,5
122,0
123,0
124,2
125,4
126,6
127,3
128,4
129,5
130,5
131,2
132,6
133,2
134,6
135,5
136,5
137,5
138,3
139,6
140,6
141,2
142,3
143,1
144,4
145,4
146,6
147,3
148,3
149,3
150,2
151,6
152,0
153,5
154,3
155,5
156,5
157,0
158,5
159,0
160,3
161,0
162,3
163,3
164,3
165,0
166,6
167,6
168,0
169,5
170,6
171,6
172,4
173,5
174,6
175,4
176,6
177,4
178,2
179,4
180,5
181,6
182,3
183,5
184,3
185,3
186,6
187,4
188,3
189,3
190,3
191,4
192,0
193,5
194,5
195,3
196,4
197,5
198,6
199,0
200,0
201,3
202,3
203,3
204,3
205,3
206,5
207,4
208,4
209,4
210,2
211,6
212,0
213,0
214,4
215,6
216,5
217,5
218,4
219,6
220,3
221,3
222,4
223,5
224,4
225,2
226,3
227,5
228,0
229,0
230,3
231,3
232,6
233,5
234,2
235,3
236,3
237,6
238,0
239,0
240,6
241,3
242,6
243,6
244,0
245,1
246,3
247,3
248,3
249,1
250,6
251,4
252,2
253,4
254,3
255,3
256,6
257,5
258,4
259,2
260,6
261,4
262,0
263,0
264,6
265,2
266,0
267,0
268,3
269,3
270,4
271,0
272,4
273,5
274,3
275,5
276,3
277,2
278,5
279,0
280,2
281,3
282,5
283,6
284,2
285,4
286,4
287,2
288,6
289,4
290,6
291,5
292,3
293,6
294,4
295,3
296,6
297,2
298,6
299,6
300,3
301,4
302,0
303,3
304,3
305,0
306,3
307,5
308,3
309,3
310,3
311,3
312,6
313,4
314,6
315,1
316,0
317,4
318,2
319,2
320,3
321,0
322,5
323,3
324,6
325,2
326,4
327,4
328,3
329,3
330,5
331,3
332,3
333,0
334,3
335,5
336,3
337,3
338,4
339,0
340,0
341,4
342,5
343,6
344,4
345,6
346,6
347,3
348,3
349,4
350,6
351,6
352,0
353,6
354,3
355,6
356,4
357,3
358,0
359,3
360,2
361,4
362,5
363,3
364,4
365,5
366,3
367,3
368,3
369,2
370,4
371,4
372,6
373,4
374,1
375,4
376,2
377,1
378,5
379,4
380,4
381,4
382,5
383,3
384,4
385,3
386,6
387,3
388,5
389,6
390,0
391,6
392,6
393,3
394,5
395,0
396,5
397,2
398,2
399,4
400,0
401,0
402,5
403,3
404,6
405,2
406,6
407,5
408,5
409,5
410,5
411,3
412,5
413,4
414,3
415,3
416,6
417,6
418,5
419,5
420,4
421,6
422,3
423,2
424,4
425,6
426,0
427,5
428,3
429,3
430,4
431,2
432,4
433,2
434,6
435,3
436,0
437,3
438,2
439,6
440,0
441,4
442,0
443,6
444,2
445,5
446,4
447,0
448,3
449,0
450,1
451,0
452,3
453,6
454,4
455,4
456,5
457,4
458,4
459,0
460,6
461,5
462,5
463,2
464,3
465,6
466,6
467,4
468,3
469,3
470,4
471,3
472,5
473,2
474,4
475,6
476,1
477,3
478,6
479,2
480,4
481,6
482,6
483,6
484,0
485,4
486,2
487,6
488,5
489,3
490,6
491,3
492,0
493,3
494,0
495,4
496,4
497,5
498,2
499,4
500,5
501,6
502,0
503,3
504,5
505,0
506,3
507,6
508,6
509,5
510,4
511,2
512,3
513,0
514,2
515,2
516,3
517,5
518,4
519,0
520,6
521,3
522,6
523,1
524,6
525,3
526,3
527,3
528,3
529,4
530,0
531,0
532,3
533,5
534,5
535,2
536,6
537,0
538,4
539,5
540,3
541,4
542,4
543,6
544,6
545,2
546,0
547,6
548,4
549,3
550,3
551,4
552,4
553,4
554,4
555,0
556,4
557,2
558,0
559,6
560,4
561,1
562,0
563,5
564,0
565,2
566,5
567,6
568,5
569,4
570,6
571,4
572,3
573,6
574,6
575,2
576,2
577,2
578,3
579,2
580,5
581,4
582,3
583,2
584,3
585,5
586,4
587,3
588,5
589,4
590,2
591,5
592,3
593,4
594,6
595,3
596,3
597,3
598,0
599,4
600,6
601,4
602,0
603,3
604,0
605,3
606,4
607,0
608,4
609,6
610,4
611,0
612,5
613,3
614,4
615,5
616,6
617,0
618,6
619,4
620,0
621,3
622,4
623,6
624,3
625,3
626,3
627,4
628,2
629,6
630,3
631,6
632,3
633,0
634,4
635,5
636,0
637,5
638,0
639,0
640,0
641,5
642,4
643,3
644,6
645,3
646,2
647,3
648,5
649,5
650,3
651,2
652,4
653,3
654,3
655,4
656,2
657,3
658,4
659,6
660,5
661,4
662,3
663,3
664,3
665,3
666,5
667,6
668,2
669,4
670,0
671,6
672,6
673,6
674,0
675,6
676,6
677,6
678,0
679,4
680,6
681,0
682,2
683,5
684,3
685,5
686,6
687,6
688,3
689,6
690,3
691,3
692,5
693,4
694,0
695,3
696,3
697,2
698,3
699,6
700,0
701,2
702,3
703,2
704,4
705,5
706,4
707,3
708,0
709,3
710,3
711,1
712,2
713,2
714,3
715,5
716,3
717,4
718,4
719,3
720,6
721,0
722,3
723,3
724,0
725,4
726,0
727,0
728,2
729,6
730,3
731,3
732,4
733,6
734,5
735,6
736,3
737,6
738,6
739,4
740,3
741,6
742,6
743,2
744,3
745,3
746,2
747,0
748,3
749,5
750,3
751,4
752,3
753,0
754,4
755,6
756,0
757,0
758,0
759,3
760,4
761,6
762,0
763,0
764,3
765,6
766,3
767,3
768,0
769,6
770,4
771,3
772,5
773,4
774,2
775,6
776,5
777,3
778,4
779,6
780,5
781,3
782,6
783,6
784,4
785,0
786,6
787,3
788,6
789,6
790,6
791,3
792,3
793,3
794,4
795,0
796,3
797,6
798,5
799,0
800,5
801,3
802,0
803,3
804,4
805,5
806,3
807,5
808,4
809,4
810,4
811,3
812,2
813,4
814,2
815,0
816,4
817,6
818,3
819,4
820,2
821,4
822,5
823,2
824,0
825,5
826,6
827,5
828,4
829,5
830,4
831,0
832,5
833,2
834,4
835,5
836,0
837,3
838,4
839,0
840,0
841,6
842,4
843,5
844,0
845,6
846,0
847,3
848,4
849,2
850,5
851,6
852,4
853,4
854,6
855,0
856,2
857,4
858,3
859,6
860,5
861,4
862,5
863,1
864,6
865,4
866,0
867,1
868,0
869,3
870,3
871,3
872,3
873,0
874,5
875,6
876,4
877,6
878,5
879,3
880,0
881,3
882,3
883,6
884,6
885,5
886,4
887,0
888,0
889,4
890,5
891,3
892,5
893,3
894,4
895,2
896,6
897,2
898,3
899,4
900,6
901,6
902,3
903,3
904,6
905,5
906,3
907,3
908,5
909,4
910,5
911,2
912,4
913,6
914,0
915,4
916,6
917,4
918,6
919,2
920,4
921,6
922,1
923,3
924,3
925,4
926,2
927,2
928,6
929,6
930,0
931,2
932,0
933,5
934,4
935,4
936,4
937,3
938,5
939,3
940,3
941,3
942,6
943,6
944,3
945,0
946,4
947,0
948,4
949,3
950,3
951,5
952,2
953,4
954,2
955,0
956,4
957,4
958,3
959,6
960,5
961,2
962,5
963,0
964,3
965,3
966,0
967,0
968,5
969,3
970,3
971,3
972,3
973,6
974,0
975,6
976,4
977,0
978,0
979,6
980,6
981,2
982,5
983,5
984,6
985,2
986,4
987,3
988,3
989,3
990,3
991,5
992,4
993,2
994,6
995,4
996,4
997,4
998,0
999,3
1000,3
1001,2
1002,3
1003,6
1004,2
1005,4
1006,6
1007,4
1008,4
1009,2
1010,0
1011,0
1012,2
1013,6
1014,3
1015,4
1016,4
1017,0
1018,0
1019,3
1020,4
1021,6
1022,0
1023,6
1024,1
1025,4
1026,6
1027,6
1028,2
1029,4
1030,6
1031,6
1032,0
1033,3
1034,3
1035,2
1036,3
1037,3
1038,0
1039,5
1040,3
1041,5
1042,4
1043,3
1044,0
1045,0
1046,4
1047,3
1048,4
1049,4
1050,4
1051,3
1052,2
1053,4
1054,2
1055,5
1056,3
1057,4
1058,4
1059,3
1060,2
1061,3
1062,3
1063,3
1064,3
1065,6
1066,0
1067,3
1068,3
1069,0
1070,3
1071,4
1072,4
1073,0
1074,3
1075,0
1076,2
1077,1
1078,4
1079,6
1080,0
1081,3
1082,3
1083,5
1084,4
1085,0
1086,6
1087,3
1088,5
1089,5
1090,3
1091,0
1092,3
1093,3
1094,3
1095,2
1096,4
1097,6
1098,3
1099,0
1100,6
1101,6
1102,0
1103,3
1104,2
1105,6
1106,0
1107,0
1108,4
1109,0
1110,0
1111,4
1112,6
1113,5
1114,6
1115,5
1116,2
1117,6
1118,3
1119,0
1120,3
1121,5
1122,4
1123,3
1124,4
1125,5
1126,3
1127,4
1128,0
1129,3
1130,6
1131,6
1132,6
1133,6
1134,3
1135,6
1136,3
1137,5
1138,4
1139,3
1140,6
1141,5
1142,0
1143,2
1144,6
1145,6
1146,6
1147,1
1148,3
1149,6
1150,4
1151,6
1152,6
1153,6
1154,0
1155,5
1156,5
1157,3
1158,6
1159,3
1160,0
1161,4
1162,6
1163,4
1164,5
1165,0
1166,6
1167,1
1168,2
1169,6
1170,5
1171,2
1172,4
1173,3
1174,5
1175,3
1176,3
1177,6
1178,5
1179,2
1180,4
1181,3
1182,6
1183,6
1184,4
1185,6
1186,5
1187,3
1188,5
1189,4
1190,3
1191,4
1192,4
1193,0
1194,6
1195,3
1196,5
1197,3
1198,2
1199,3
1200,4
1201,5
1202,3
1203,4
1204,2
1205,6
1206,4
1207,3
1208,6
1209,3
1210,0
1211,3
1212,5
1213,6
1214,2
1215,2
1216,6
1217,4
1218,3
1219,5
1220,6
1221,4
1222,3
1223,5
1224,3
1225,0
1226,6
1227,4
1228,0
1229,6
1230,6
1231,6
1232,3
1233,0
1234,4
1235,6
1236,6
1237,3
1238,3
1239,0
1240,0
1241,3
1242,0
1243,0
1244,5
1245,6
1246,5
1247,5
1248,4
1249,2
1250,3
1251,3
1252,2
1253,3
1254,2
1255,0
1256,6
1257,3
1258,0
1259,3
1260,6
1261,6
1262,5
1263,0
1264,4
1265,4
1266,3
1267,3
1268,0
1269,0
1270,6
1271,3
1272,0
1273,3
1274,4
1275,6
1276,5
1277,4
1278,6
1279,3
1280,3
1281,2
1282,2
1283,3
1284,3
1285,3
1286,2
1287,3
1288,6
1289,5
1290,0
1291,6
1292,4
1293,4
1294,6
1295,3
1296,0
1297,5
1298,3
1299,6
1300,5
1301,2
1302,0
1303,3
1304,4
1305,2
1306,2
1307,3
1308,3
1309,6
1310,4
1311,3
1312,6
1313,3
1314,2
1315,6
1316,0
1317,4
1318,6
1319,4
1320,0
1321,2
1322,6
1323,3
1324,0
1325,3
1326,3
1327,4
1328,6
1329,5
1330,3
1331,6
1332,6
1333,6
1334,4
1335,2
1336,6
1337,4
1338,5
1339,0
1340,5
1341,3
1342,4
1343,6
1344,6
1345,4
1346,6
1347,6
1348,4
1349,3
1350,4
1351,0
1352,4
1353,2
1354,6
1355,6
1356,3
1357,3
1358,6
1359,5
1360,6
1361,4
1362,2
1363,5
1364,6
1365,5
1366,0
1367,4
1368,2
1369,2
1370,5
1371,1
1372,0
1373,5
1374,0
1375,3
1376,2
1377,0
1378,6
1379,5
1380,4
1381,3
1382,4
1383,3
1384,0
1385,2
1386,4
1387,3
1388,3
1389,3
1390,3
1391,3
1392,5
1393,3
1394,3
1395,6
1396,4
1397,6
1398,3
1399,3
1400,5
1401,6
1402,6
1403,3
1404,5
1405,0
1406,3
1407,4
1408,3
1409,6
1410,2
1411,3
1412,0
1413,4
1414,6
1415,4
1416,4
1417,6
1418,0
1419,3
1420,6
1421,2
1422,6
1423,3
1424,6
1425,5
1426,4
1427,3
1428,6
1429,2
1430,3
1431,2
1432,6
1433,0
1434,5
1435,4
1436,6
1437,2
1438,2
1439,3
1440,6
1441,0
1442,4
1443,2
1444,5
1445,3
1446,6
1447,3
1448,0
1449,6
1450,6
1451,6
1452,6
1453,6
1454,4
1455,4
1456,3
1457,6
1458,3
1459,0
1460,3
1461,1
1462,2
1463,0
1464,3
1465,2
1466,2
1467,3
1468,3
1469,5
1470,3
1471,4
1472,6
1473,4
1474,3
1475,4
1476,5
1477,3
1478,3
1479,3
1480,3
1481,6
1482,5
1483,2
1484,5
1485,3
1486,0
1487,6
1488,2
1489,0
1490,0
1491,6
1492,2
1493,3
1494,3
1495,6
1496,3
1497,0
1498,4
1499,2
1500,6
1501,5
1502,6
1503,4
1504,6
1505,2
1506,6
1507,6
1508,3
1509,3
1510,6
1511,4
1512,6
1513,3
1514,2
1515,0
1516,3
1517,5
1518,1
1519,0
1520,3
1521,0
1522,0
1523,6
1524,2
1525,6
1526,6
1527,2
1528,2
1529,2
1530,6
1531,5
1532,2
1533,3
1534,3
1535,5
1536,2
1537,3
1538,6
1539,4
1540,3
1541,3
1542,4
1543,6
1544,0
1545,4
1546,4
1547,6
1548,3
1549,6
1550,6
1551,0
1552,6
1553,3
1554,0
1555,3
1556,3
1557,3
1558,6
1559,3
1560,0
1561,6
1562,4
1563,6
1564,4
1565,4
1566,6
1567,6
1568,0
1569,4
1570,6
1571,0
1572,3
1573,6
1574,5
1575,6
1576,3
1577,0
1578,3
1579,6
1580,3
1581,4
1582,6
1583,3
1584,4
1585,5
1586,6
1587,6
1588,0
1589,6
1590,4
1591,5
1592,5
1593,6
1594,0
1595,5
1596,2
1597,0
1598,2
1599,3
1600,4
1601,6
1602,4
1603,6
1604,5
1605,3
1606,6
1607,6
1608,5
1609,0
1610,2
1611,6
1612,6
1613,2
1614,3
1615,1
1616,3
1617,2
1618,3
1619,1
1620,3
1621,3
1622,3
1623,4
1624,3
1625,5
1626,2
1627,6
1628,2
1629,4
1630,3
1631,6
1632,0
1633,4
1634,3
1635,3
1636,2
1637,6
1638,6
1639,4
1640,4
1641,2
1642,6
1643,3
1644,2
1645,6
1646,6
1647,5
1648,4
1649,6
1650,4
1651,3
1652,2
1653,3
1654,2
1655,3
1656,6
1657,0
1658,6
1659,6
1660,5
1661,1
1662,3
1663,4
1664,3
1665,4
1666,6
1667,0
1668,6
1669,0
1670,4
1671,6
1672,3
1673,6
1674,3
1675,0
1676,0
1677,6
1678,6
1679,5
1680,5
1681,4
1682,5
1683,6
1684,3
1685,5
1686,0
1687,6
1688,4
1689,0
1690,4
1691,0
1692,3
1693,3
1694,4
1695,3
1696,4
1697,1
1698,3
1699,3
1700,0
1701,0
1702,2
1703,0
1704,5
1705,4
1706,3
1707,6
1708,3
1709,3
1710,4
1711,6
1712,0
1713,6
1714,6
1715,5
1716,3
1717,3
1718,6
1719,5
1720,1
1721,2
1722,0
1723,3
1724,4
1725,6
1726,6
1727,4
1728,3
1729,3
1730,4
1731,4
1732,6
1733,6
1734,6
1735,3
1736,6
1737,0
1738,0
1739,0
1740,5
1741,3
1742,6
1743,5
1744,3
1745,5
1746,4
1747,4
1748,2
1749,6
1750,0
1751,0
1752,0
1753,5
1754,0
1755,3
1756,2
1757,2
1758,4
1759,0
1760,2
1761,2
1762,0
1763,4
1764,6
1765,4
1766,6
1767,6
1768,5
1769,2
1770,3
1771,1
1772,2
1773,3
1774,2
1775,3
1776,6
1777,6
1778,0
1779,0
1780,2
1781,2
1782,6
1783,2
1784,2
1785,5
1786,3
1787,5
1788,3
1789,0
1790,3
1791,0
1792,3
1793,4
1794,3
1795,4
1796,4
1797,6
1798,0
1799,5
1800,0
1801,0
1802,6
1803,2
1804,0
1805,2
1806,2
1807,6
1808,3
1809,3
1810,5
1811,4
1812,5
1813,3
1814,6
1815,4
1816,4
1817,4
1818,0
1819,6
1820,2
1821,4
1822,4
1823,3
1824,4
1825,0
1826,6
1827,0
1828,6
1829,5
1830,0
1831,6
1832,4
1833,6
1834,4
1835,4
1836,4
1837,0
1838,4
1839,6
1840,0
1841,2
1842,1
1843,6
1844,6
1845,4
1846,3
1847,4
1848,4
1849,2
1850,4
1851,3
1852,3
1853,6
1854,0
1855,0
1856,2
1857,4
1858,3
1859,5
1860,5
1861,3
1862,4
1863,3
1864,6
1865,5
1866,5
1867,4
1868,6
1869,3
1870,4
1871,2
1872,5
1873,6
1874,3
1875,4
1876,5
1877,3
1878,5
1879,3
1880,6
1881,0
1882,5
1883,5
1884,6
1885,6
1886,2
1887,4
1888,5
1889,5
1890,5
1891,2
1892,6
1893,0
1894,2
1895,3
1896,3
1897,0
1898,2
1899,6
1900,3
1901,2
1902,3
1903,4
1904,5
1905,4
1906,6
1907,6
1908,6
1909,3
1910,6
1911,0
1912,5
1913,4
1914,6
1915,5
1916,6
1917,5
1918,3
1919,0
1920,5
1921,2
1922,5
1923,4
1924,0
1925,4
1926,2
1927,3
1928,3
1929,3
1930,6
1931,1
1932,5
1933,2
1934,2
1935,6
1936,2
1937,6
1938,3
1939,6
1940,2
1941,0
1942,4
1943,3
1944,3
1945,4
1946,6
1947,4
1948,2
1949,6
1950,5
1951,4
1952,6
1953,6
1954,6
1955,3
1956,3
1957,6
1958,6
1959,3
1960,3
1961,5
1962,6
1963,4
1964,2
1965,4
1966,2
1967,3
1968,3
1969,6
1970,3
1971,3
1972,4
1973,2
1974,3
1975,3
1976,6
1977,4
1978,6
1979,4
1980,3
1981,6
1982,0
1983,2
1984,6
1985,3
1986,4
1987,4
1988,0
1989,3
1990,4
1991,6
1992,3
1993,4
1994,6
1995,6
1996,3
1997,2
1998,4
1999,6
2000,6
2001,0
2002,3
2003,6
2004,4
2005,4
2006,5
2007,6
2008,5
2009,5
2010,6
2011,1
2012,3
2013,0
2014,6
2015,2
2016,6
2017,5
2018,5
2019,1
2020,6
2021,2
2022,3
2023,4
2024,4
2025,2
2026,3
2027,0
2028,0
2029,3
2030,5
2031,5
2032,5
2033,3
2034,0
2035,4
2036,2
2037,2
2038,0
2039,2
2040,2
2041,3
2042,0
2043,5
2044,4
2045,0
2046,4
2047,3
2048,4
2049,6
2050,2
2051,0
2052,3
2053,1
2054,6
2055,4
2056,2
2057,3
2058,4
2059,4
2060,3
2061,5
2062,0
2063,3
2064,3
2065,1
2066,0
2067,6
2068,2
2069,3
2070,5
2071,3
2072,3
2073,1
2074,6
2075,0
2076,2
2077,4
2078,0
2079,5
2080,4
2081,0
2082,5
2083,4
2084,5
2085,2
2086,4
2087,3
2088,3
2089,0
2090,4
2091,0
2092,4
2093,3
2094,3
2095,4
2096,3
2097,3
2098,3
2099,3
2100,3
2101,2
2102,6
2103,5
2104,1
2105,2
2106,3
2107,2
2108,4
2109,4
2110,4
2111,2
2112,3
2113,5
2114,3
2115,3
2116,3
2117,3
2118,3
2119,3
2120,1
2121,2
2122,3
2123,4
2124,3
2125,6
2126,3
2127,3
2128,3
2129,3
2130,4
2131,4
2132,6
2133,6
2134,3
2135,6
2136,6
2137,3
2138,4
2139,4
2140,3
2141,3
2142,6
2143,3
2144,0
2145,0
2146,3
2147,3
2148,6
2149,2
2150,1
2151,3
2152,6
2153,3
2154,6
2155,4
2156,3
2157,3
2158,5
2159,4
2160,0
2161,6
2162,3
2163,3
2164,0
2165,5
2166,3
2167,3
2168,5
2169,4
2170,6
2171,2
2172,4
2173,3
2174,0
2175,6
2176,6
2177,3
2178,6
2179,0
2180,6
2181,3
2182,2
2183,3
2184,6
2185,5
2186,3
2187,2
2188,0
2189,3
2190,4
2191,5
2192,0
2193,0
2194,3
2195,3
2196,3
2197,6
2198,3
2199,6
2200,3
2201,3
2202,6
2203,4
2204,3
2205,4
2206,6
2207,3
2208,6
2209,3
2210,6
2211,2
2212,3
2213,3
2214,4
2215,6
2216,4
2217,2
2218,6
2219,0
2220,0
2221,5
2222,2
2223,2
2224,6
2225,4
2226,6
2227,5
2228,2
2229,1
2230,3
2231,0
2232,2
2233,2
2234,6
2235,5
2236,3
2237,6
2238,0
2239,2
2240,3
2241,5
2242,4
2243,3
2244,0
2245,6
2246,3
2247,3
2248,0
2249,6
2250,6
2251,6
2252,3
2253,3
2254,3
2255,4
2256,0
2257,3
2258,4
2259,6
2260,4
2261,6
2262,3
2263,5
2264,0
2265,6
2266,3
2267,3
2268,4
2269,4
2270,5
2271,3
2272,0
2273,5
2274,4
2275,6
2276,3
2277,6
2278,3
2279,6
2280,0
2281,5
2282,3
2283,4
2284,3
2285,5
2286,4
2287,3
2288,6
2289,6
2290,6
2291,3
2292,3
2293,3
2294,4
2295,3
2296,2
2297,5
2298,3
2299,6
2300,5
2301,4
2302,6
2303,3
2304,3
2305,0
2306,2
2307,2
2308,4
2309,3
2310,3
2311,6
2312,3
2313,6
2314,3
2315,6
2316,3
2317,4
2318,6
2319,3
2320,0
2321,3
2322,5
2323,0
2324,6
2325,0
2326,3
2327,3
2328,4
2329,5
2330,6
2331,3
2332,4
2333,6
2334,0
2335,3
2336,0
2337,0
2338,4
2339,5
2340,4
2341,6
2342,6
2343,3
2344,3
2345,3
2346,5
2347,2
2348,3
2349,6
2350,5
2351,3
2352,6
2353,3
2354,3
2355,3
2356,2
2357,4
2358,3
2359,4
2360,0
2361,6
2362,6
2363,5
2364,6
2365,6
2366,3
2367,6
2368,3
2369,0
2370,4
2371,2
2372,3
2373,4
2374,4
2375,6
2376,3
2377,3
2378,3
2379,3
2380,0
2381,3
2382,5
2383,5
2384,6
2385,2
2386,3
2387,5
2388,6
2389,5
2390,6
2391,6
2392,2
2393,3
2394,5
2395,6
2396,6
2397,0
2398,3
2399,2
2400,0
2401,4
2402,6
2403,0
2404,3
2405,4
2406,0
2407,2
2408,2
2409,0
2410,3
2411,3
2412,4
2413,3
2414,2
2415,6
2416,3
2417,2
2418,5
2419,4
2420,3
2421,0
2422,2
2423,3
2424,6
2425,5
2426,5
2427,6
2428,3
2429,3
2430,3
2431,6
2432,3
2433,3
2434,2
2435,4
2436,2
2437,3
2438,3
2439,5
2440,3
2441,6
2442,3
2443,0
2444,0
2445,0
2446,6
2447,2
2448,6
2449,2
2450,4
2451,2
2452,3
2453,6
2454,0
2455,5
2456,6
2457,6
2458,0
2459,3
2460,3
2461,4
2462,3
2463,3
2464,6
2465,5
2466,4
2467,4
2468,3
2469,0
2470,3
2471,3
2472,0
2473,5
2474,6
2475,4
2476,2
2477,5
2478,4
2479,5
2480,2
2481,6
2482,2
2483,4
2484,5
2485,4
2486,5
2487,2
2488,1
2489,6
2490,5
2491,5
2492,5
2493,2
2494,3
2495,0
2496,2
2497,2
2498,5
2499,0
2500,3
2501,3
2502,0
2503,6
2504,2
2505,0
2506,3
2507,4
2508,3
2509,4
2510,4
2511,2
2512,4
2513,0
2514,6
2515,5
2516,0
2517,4
2518,5
2519,4
2520,2
2521,4
2522,3
2523,2
2524,0
2525,4
2526,0
2527,0
2528,3
2529,4
2530,2
2531,3
2532,6
2533,3
2534,3
2535,3
2536,2
2537,3
2538,6
2539,0
2540,4
2541,6
2542,3
2543,3
2544,0
2545,0
2546,2
2547,3
2548,3
2549,6
2550,3
2551,4
2552,6
2553,2
2554,6
2555,6
2556,6
2557,4
2558,0
2559,4
2560,6
2561,6
2562,6
2563,3
2564,2
2565,5
2566,3
2567,6
2568,3
2569,4
2570,5
2571,2
2572,0
2573,6
2574,6
2575,0
2576,4
2577,3
2578,2
2579,6
2580,0
2581,6
2582,4
2583,3
2584,3
2585,4
2586,5
2587,3
2588,0
2589,3
2590,3
2591,2
2592,4
2593,3
2594,4
2595,3
2596,5
2597,3
2598,4
2599,0
2600,3
2601,3
2602,2
2603,6
2604,2
2605,6
2606,0
2607,6
2608,3
2609,4
2610,6
2611,4
2612,3
2613,4
2614,1
2615,6
2616,5
2617,6
2618,3
2619,4
2620,6
2621,3
2622,4
2623,2
2624,2
2625,4
2626,3
2627,6
2628,3
2629,6
2630,0
2631,3
2632,5
2633,4
2634,4
2635,2
2636,6
2637,5
2638,3
2639,6
2640,5
2641,3
2642,3
2643,3
2644,5
2645,5
2646,5
2647,4
2648,4
2649,2
2650,3
2651,5
2652,6
2653,3
2654,4
2655,3
2656,5
2657,6
2658,3
2659,4
2660,1
2661,6
2662,3
2663,6
2664,6
2665,6
2666,3
2667,6
2668,3
2669,3
2670,2
2671,4
2672,4
2673,6
2674,6
2675,4
2676,3
2677,3
2678,2
2679,6
2680,0
2681,3
2682,4
2683,5
2684,5
2685,4
2686,4
2687,4
2688,6
2689,6
2690,2
2691,3
2692,2
2693,4
2694,3
2695,2
2696,2
2697,5
2698,4
2699,4
2700,0
2701,4
2702,3
2703,4
2704,6
2705,3
2706,6
2707,6
2708,6
2709,4
2710,2
2711,3
2712,3
2713,4
2714,3
2715,5
2716,4
2717,6
2718,2
2719,0
2720,2
2721,0
2722,2
2723,0
2724,6
2725,5
2726,3
2727,6
2728,6
2729,6
2730,3
2731,3
2732,3
2733,4
2734,0
2735,6
2736,6
2737,6
2738,6
2739,1
2740,5
2741,6
2742,0
2743,5
2744,3
2745,3
2746,4
2747,3
2748,3
2749,3
2750,3
2751,6
2752,4
2753,6
2754,3
2755,5
2756,5
2757,4
2758,6
2759,4
2760,0
2761,6
2762,4
2763,6
2764,3
2765,5
2766,3
2767,2
2768,6
2769,0
2770,2
2771,5
2772,4
2773,4
2774,3
2775,6
2776,6
2777,0
2778,0
2779,6
2780,2
2781,0
2782,6
2783,0
2784,2
2785,5
2786,0
2787,6
2788,5
2789,0
2790,2
2791,4
2792,0
2793,3
2794,6
2795,4
2796,5
2797,0
2798,6
2799,6
2800,4
2801,5
2802,6
2803,4
2804,5
2805,5
2806,3
2807,6
2808,6
2809,5
2810,2
2811,6
2812,5
2813,4
2814,6
2815,5
2816,3
2817,6
2818,4
2819,4
2820,2
2821,6
2822,3
2823,3
2824,3
2825,5
2826,4
2827,2
2828,2
2829,6
2830,0
2831,2
2832,3
2833,6
2834,3
2835,0
2836,4
2837,5
2838,0
2839,4
2840,4
2841,3
2842,5
2843,3
2844,6
2845,5
2846,3
2847,4
2848,5
2849,3
2850,3
2851,5
2852,2
2853,6
2854,2
2855,5
2856,0
2857,4
2858,2
2859,2
2860,1
2861,2
2862,5
2863,3
2864,3
2865,3
2866,3
2867,4
2868,6
2869,3
2870,4
2871,2
2872,4
2873,0
2874,6
2875,4
2876,2
2877,6
2878,0
2879,5
2880,2
2881,0
2882,5
2883,6
2884,6
2885,2
2886,5
2887,0
2888,6
2889,3
2890,3
2891,2
2892,3
2893,4
2894,3
2895,0
2896,1
2897,6
2898,3
2899,2
2900,6
2901,6
2902,6
2903,0
2904,5
2905,0
2906,4
2907,4
2908,0
2909,3
2910,2
2911,6
2912,4
2913,6
2914,3
2915,6
2916,4
2917,5
2918,2
2919,3
2920,3
2921,3
2922,6
2923,2
2924,5
2925,5
2926,4
2927,6
2928,3
2929,3
2930,4
2931,5
2932,2
2933,3
2934,4
2935,4
2936,3
2937,3
2938,4
2939,6
2940,0
2941,6
2942,6
2943,0
2944,0
2945,4
2946,4
2947,4
2948,4
2949,6
2950,3
2951,3
2952,6
2953,5
2954,5
2955,4
2956,5
2957,3
2958,4
2959,5
2960,3
2961,0
2962,0
2963,5
2964,2
2965,0
2966,3
2967,3
2968,4
2969,6
2970,5
2971,3
2972,6
2973,2
2974,3
2975,3
2976,2
2977,6
2978,5
2979,3
2980,4
2981,3
2982,2
2983,3
2984,0
2985,4
2986,0
2987,6
2988,4
2989,3
2990,5
2991,5
2992,4
2993,6
2994,4
2995,0
2996,6
2997,6
2998,2
2999,3
3000,4
3001,6
3002,4
3003,0
3004,5
3005,0
3006,4
3007,2
3008,4
3009,2
3010,3
3011,2
3012,4
3013,0
3014,0
3015,3
3016,3
3017,3
3018,4
3019,3
3020,0
3021,0
3022,3
3023,5
3024,4
3025,0
3026,3
3027,3
3028,2
3029,3
3030,4
3031,3
3032,6
3033,5
3034,3
3035,6
3036,5
3037,3
3038,3
3039,5
3040,6
3041,0
3042,6
3043,6
3044,3
3045,6
3046,3
3047,3
3048,3
3049,3
3050,5
3051,6
3052,3
3053,3
3054,6
3055,5
3056,2
3057,3
3058,4
3059,4
3060,2
3061,6
3062,3
3063,6
3064,3
3065,2
3066,6
3067,5
3068,6
3069,2
3070,6
3071,0
3072,0
3073,5
3074,5
3075,4
3076,5
3077,3
3078,2
3079,5
3080,6
3081,6
3082,5
3083,4
3084,3
3085,5
3086,0
3087,5
3088,1
3089,5
3090,6
3091,2
3092,4
3093,3
3094,3
3095,6
3096,5
3097,2
3098,3
3099,4
3100,6
3101,0
3102,3
3103,3
3104,3
3105,3
3106,5
3107,4
3108,4
3109,5
3110,2
3111,0
3112,3
3113,2
3114,3
3115,6
3116,2
3117,6
3118,5
3119,4
3120,1
3121,4
3122,6
3123,4
3124,6
3125,3
3126,2
3127,6
3128,4
3129,4
3130,4
3131,0
3132,6
3133,4
3134,2
3135,4
3136,5
3137,4
3138,3
3139,6
3140,5
3141,5
3142,3
3143,6
3144,4
3145,3
3146,3
3147,2
3148,3
3149,3
3150,3
3151,2
3152,2
3153,3
3154,6
3155,3
3156,2
3157,3
3158,3
3159,0
3160,4
3161,4
3162,6
3163,6
3164,5
3165,0
3166,4
3167,2
3168,6
3169,3
3170,5
3171,0
3172,2
3173,6
3174,3
3175,3
3176,6
3177,5
3178,0
3179,4
3180,0
3181,4
3182,3
3183,6
3184,5
3185,4
3186,4
3187,5
3188,3
3189,3
3190,6
3191,5
3192,2
3193,6
3194,5
3195,2
3196,4
3197,5
3198,6
3199,0
3200,3
3201,2
3202,3
3203,6
3204,6
3205,3
3206,4
3207,4
3208,2
3209,4
3210,2
3211,6
3212,2
3213,0
3214,4
3215,4
3216,0
3217,0
3218,0
3219,6
3220,3
3221,5
3222,6
3223,1
3224,4
3225,3
3226,3
3227,5
3228,6
3229,4
3230,6
3231,0
3232,4
3233,2
3234,6
3235,4
3236,5
3237,3
3238,0
3239,0
3240,5
3241,6
3242,3
3243,3
3244,3
3245,5
3246,2
3247,4
3248,3
3249,4
3250,0
3251,2
3252,3
3253,5
3254,3
3255,6
3256,4
3257,2
3258,3
3259,4
3260,5
3261,5
3262,6
3263,5
3264,3
3265,4
3266,3
3267,4
3268,4
3269,3
3270,0
3271,6
3272,6
3273,6
3274,0
3275,5
3276,4
3277,3
3278,6
3279,3
3280,2
3281,2
3282,3
3283,5
3284,4
3285,3
3286,4
3287,4
3288,6
3289,4
3290,5
3291,6
3292,6
3293,4
3294,4
3295,3
3296,5
3297,4
3298,6
3299,2
3300,6
3301,6
3302,4
3303,3
3304,3
3305,3
3306,4
3307,4
3308,6
3309,0
3310,2
3311,0
3312,4
3313,3
3314,3
3315,0
3316,6
3317,4
3318,4
3319,3
3320,4
3321,5
3322,2
3323,5
3324,2
3325,0
3326,6
3327,5
3328,6
3329,1
3330,4
3331,3
3332,5
3333,3
3334,4
3335,3
3336,2
3337,4
3338,3
3339,3
3340,3
3341,6
3342,6
3343,0
3344,5
3345,4
3346,4
3347,3
3348,1
3349,5
3350,6
3351,4
3352,0
3353,5
3354,3
3355,6
3356,4
3357,0
3358,6
3359,4
3360,3
3361,2
3362,3
3363,0
3364,6
3365,6
3366,0
3367,3
3368,2
3369,4
3370,0
3371,5
3372,3
3373,6
3374,6
3375,4
3376,3
3377,4
3378,0
3379,4
3380,0
3381,2
3382,6
3383,4
3384,3
3385,4
3386,0
3387,3
3388,2
3389,2
3390,5
3391,5
3392,2
3393,5
3394,0
3395,2
3396,2
3397,3
3398,6
3399,3
3400,3
3401,4
3402,4
3403,4
3404,0
3405,2
3406,0
3407,6
3408,6
3409,6
3410,6
3411,5
3412,2
3413,5
3414,3
3415,6
3416,0
3417,4
3418,4
3419,4
3420,3
3421,4
3422,2
3423,4
3424,5
3425,4
3426,3
3427,4
3428,3
3429,2
3430,4
3431,2
3432,3
3433,2
3434,3
3435,4
3436,3
3437,4
3438,5
3439,4
3440,5
3441,6
3442,0
3443,5
3444,5
3445,2
3446,2
3447,2
3448,3
3449,4
3450,5
3451,5
3452,3
3453,6
3454,3
3455,6
3456,6
3457,2
3458,3
3459,3
3460,2
3461,3
3462,5
3463,3
3464,4
3465,5
3466,2
3467,0
3468,5
3469,3
3470,1
3471,5
3472,2
3473,0
3474,3
3475,4
3476,4
3477,3
3478,4
3479,6
3480,3
3481,4
3482,4
3483,6
3484,3
3485,6
3486,3
3487,6
3488,6
3489,6
3490,3
3491,2
3492,0
3493,2
3494,4
3495,6
3496,0
3497,2
3498,4
3499,1
3500,5
3501,6
3502,0
3503,0
3504,5
3505,6
3506,5
3507,0
3508,6
3509,0
3510,0
3511,6
3512,6
3513,4
3514,3
3515,0
3516,1
3517,0
3518,6
3519,3
3520,6
3521,6
3522,6
3523,0
3524,5
3525,4
3526,4
3527,5
3528,3
3529,3
3530,5
3531,3
3532,0
3533,4
3534,4
3535,5
3536,3
3537,4
3538,6
3539,3
3540,3
3541,3
3542,5
3543,3
3544,0
3545,6
3546,5
3547,4
3548,2
3549,3
3550,3
3551,3
3552,1
3553,0
3554,3
3555,3
3556,0
3557,5
3558,5
3559,4
3560,6
3561,6
3562,6
3563,2
3564,6
3565,6
3566,3
3567,4
3568,4
3569,0
3570,1
3571,5
3572,2
3573,0
3574,3
3575,5
3576,5
3577,6
3578,2
3579,6
3580,4
3581,6
3582,6
3583,3
3584,3
3585,4
3586,3
3587,4
3588,0
3589,6
3590,1
3591,4
3592,2
3593,0
3594,5
3595,0
3596,6
3597,3
3598,0
3599,3
3600,3
3601,3
3602,6
3603,4
3604,4
3605,6
3606,0
3607,5
3608,4
3609,2
3610,3
3611,6
3612,0
3613,6
3614,3
3615,2
3616,5
3617,6
3618,6
3619,0
3620,4
3621,6
3622,6
3623,2
3624,1
3625,3
3626,5
3627,0
3628,0
3629,0
3630,4
3631,6
3632,2
3633,0
3634,6
3635,4
3636,3
3637,6
3638,6
3639,3
3640,4
3641,2
3642,3
3643,0
3644,0
3645,5
3646,5
3647,6
3648,6
3649,4
3650,6
3651,5
3652,6
3653,6
3654,2
3655,0
3656,3
3657,5
3658,6
3659,0
3660,6
3661,1
3662,5
3663,6
3664,3
3665,4
3666,6
3667,2
3668,5
3669,3
3670,5
3671,3
3672,5
3673,2
3674,6
3675,6
3676,6
3677,2
3678,3
3679,3
3680,3
3681,5
3682,0
3683,6
3684,6
3685,6
3686,6
3687,5
3688,4
3689,2
3690,5
3691,3
3692,6
3693,6
3694,3
3695,3
3696,5
3697,5
3698,5
3699,3
3700,0
3701,3
3702,0
3703,0
3704,3
3705,6
3706,3
3707,4
3708,3
3709,6
3710,6
3711,3
3712,5
3713,4
3714,2
3715,0
3716,4
3717,3
3718,3
3719,3
3720,6
3721,3
3722,4
3723,4
3724,5
3725,0
3726,6
3727,6
3728,3
3729,0
3730,2
3731,3
3732,3
3733,4
3734,4
3735,6
3736,3
3737,6
3738,6
3739,2
3740,6
3741,6
3742,6
3743,3
3744,6
3745,5
3746,5
3747,0
3748,6
3749,3
3750,4
3751,5
3752,3
3753,5
3754,6
3755,6
3756,4
3757,5
3758,3
3759,6
3760,3
3761,5
3762,0
3763,3
3764,6
3765,2
3766,6
3767,4
3768,1
3769,4
3770,4
3771,6
3772,6
3773,6
3774,6
3775,6
3776,5
3777,2
3778,4
3779,5
3780,3
3781,5
3782,6
3783,4
3784,4
3785,5
3786,5
3787,6
3788,2
3789,3
3790,2
3791,0
3792,4
3793,2
3794,4
3795,0
3796,0
3797,5
3798,6
3799,0
3800,6
3801,6
3802,5
3803,4
3804,0
3805,6
3806,6
3807,3
3808,6
3809,6
3810,4
3811,4
3812,2
3813,5
3814,6
3815,4
3816,2
3817,1
3818,5
3819,3
3820,3
3821,4
3822,5
3823,1
3824,4
3825,4
3826,0
3827,5
3828,3
3829,0
3830,2
3831,4
3832,0
3833,3
3834,5
3835,3
3836,3
3837,6
3838,0
3839,6
3840,2
3841,3
3842,6
3843,4
3844,4
3845,5
3846,3
3847,3
3848,3
3849,3
3850,3
3851,0
3852,3
3853,6
3854,4
3855,5
3856,6
3857,4
3858,2
3859,4
3860,3
3861,2
3862,5
3863,4
3864,6
3865,3
3866,3
3867,0
3868,3
3869,6
3870,0
3871,4
3872,4
3873,6
3874,6
3875,4
3876,0
3877,6
3878,3
3879,6
3880,2
3881,4
3882,3
3883,6
3884,4
3885,0
3886,3
3887,3
3888,0
3889,6
3890,2
3891,0
3892,0
3893,0
3894,0
3895,0
3896,4
3897,6
3898,6
3899,3
3900,6
3901,6
3902,0
3903,5
3904,4
3905,4
3906,3
3907,6
3908,2
3909,6
3910,3
3911,6
3912,4
3913,2
3914,4
3915,0
3916,4
3917,6
3918,4
3919,3
3920,6
3921,3
3922,5
3923,4
3924,6
3925,5
3926,6
3927,5
3928,0
3929,2
3930,4
3931,6
3932,0
3933,2
3934,4
3935,0
3936,3
3937,3
3938,0
3939,0
3940,3
3941,5
3942,0
3943,6
3944,5
3945,6
3946,0
3947,3
3948,4
3949,3
3950,2
3951,3
3952,3
3953,4
3954,6
3955,3
3956,4
3957,4
3958,6
3959,2
3960,2
3961,3
3962,3
3963,6
3964,4
3965,0
3966,3
3967,5
3968,3
3969,3
3970,3
3971,5
3972,2
3973,1
3974,6
3975,3
3976,5
3977,6
3978,3
3979,3
3980,0
3981,5
3982,3
3983,2
3984,4
3985,6
3986,2
3987,4
3988,5
3989,0
3990,4
3991,3
3992,6
3993,3
3994,6
3995,6
3996,6
3997,6
3998,3
3999,4
4000,3
4001,4
4002,0
4003,0
4004,6
4005,5
4006,6
4007,4
4008,5
4009,1
4010,0
4011,2
4012,6
4013,3
4014,5
4015,3
4016,6
4017,2
4018,6
4019,5
4020,3
4021,6
4022,6
4023,4
4024,3
4025,3
4026,5
4027,0
4028,6
4029,3
4030,6
4031,4
4032,6
4033,3
4034,6
4035,6
4036,0
4037,2
4038,3
4039,3
4040,4
4041,5
4042,6
4043,0
4044,4
4045,5
4046,0
4047,0
4048,5
4049,4
4050,4
4051,4
4052,6
4053,2
4054,5
4055,3
4056,3
4057,4
4058,4
4059,3
4060,6
4061,3
4062,6
4063,2
4064,4
4065,3
4066,5
4067,0
4068,6
4069,0
4070,4
4071,6
4072,5
4073,3
4074,6
4075,6
4076,4
4077,5
4078,6
4079,6
4080,1
4081,4
4082,0
4083,4
4084,6
4085,6
4086,2
4087,2
4088,3
4089,3
4090,2
4091,4
4092,3
4093,4
4094,3
4095,0
4096,5
4097,6
4098,5
4099,2
4100,3
4101,4
4102,0
4103,4
4104,0
4105,2
4106,4
4107,5
4108,0
4109,6
4110,0
4111,5
4112,4
4113,4
4114,5
4115,6
4116,5
4117,6
4118,3
4119,3
4120,6
4121,4
4122,3
4123,5
4124,3
4125,6
4126,4
4127,3
4128,4
4129,3
4130,3
4131,4
4132,4
4133,0
4134,6
4135,4
4136,2
4137,3
4138,3
4139,6
4140,6
4141,6
4142,3
4143,6
4144,4
4145,4
4146,4
4147,0
4148,4
4149,2
4150,0
4151,3
4152,3
4153,4
4154,6
4155,0
4156,3
4157,0
4158,2
4159,5
4160,3
4161,4
4162,6
4163,6
4164,4
4165,0
4166,6
4167,5
4168,0
4169,2
4170,5
4171,5
4172,0
4173,0
4174,3
4175,3
4176,5
4177,2
4178,3
4179,3
4180,4
4181,0
4182,6
4183,3
4184,3
4185,0
4186,3
4187,4
4188,3
4189,3
4190,6
4191,3
4192,6
4193,4
4194,3
4195,4
4196,3
4197,5
4198,0
4199,0
4200,4
4201,0
4202,0
4203,3
4204,1
4205,3
4206,6
4207,6
4208,0
4209,3
4210,5
4211,6
4212,3
4213,6
4214,5
4215,1
4216,5
4217,5
4218,4
4219,4
4220,4
4221,2
4222,6
4223,0
4224,4
4225,0
4226,2
4227,6
4228,3
4229,6
4230,6
4231,4
4232,2
4233,6
4234,3
4235,5
4236,1
4237,6
4238,2
4239,0
4240,5
4241,3
4242,3
4243,4
4244,3
4245,3
4246,3
4247,3
4248,6
4249,6
4250,3
4251,0
4252,0
4253,4
4254,0
4255,3
4256,0
4257,4
4258,4
4259,3
4260,2
4261,4
4262,6
4263,3
4264,6
4265,3
4266,0
4267,3
4268,0
4269,4
4270,4
4271,5
4272,3
4273,0
4274,4
4275,3
4276,4
4277,5
4278,0
4279,0
4280,5
4281,5
4282,0
4283,2
4284,0
4285,3
4286,0
4287,6
4288,5
4289,3
4290,3
4291,5
4292,2
4293,3
4294,2
4295,3
4296,1
4297,0
4298,3
4299,0
4300,3
4301,3
4302,3
4303,6
4304,6
4305,3
4306,6
4307,4
4308,6
4309,3
4310,6
4311,2
4312,4
4313,5
4314,6
4315,5
4316,3
4317,5
4318,4
4319,5
4320,0
4321,3
4322,3
4323,6
4324,3
4325,4
4326,0
4327,2
4328,0
4329,4
4330,6
4331,2
4332,4
4333,3
4334,5
4335,3
4336,1
4337,5
4338,3
4339,4
4340,0
4341,6
4342,6
4343,2
4344,6
4345,0
4346,4
4347,5
4348,4
4349,3
4350,6
4351,4
4352,4
4353,2
4354,6
4355,6
4356,0
4357,3
4358,3
4359,5
4360,3
4361,6
4362,4
4363,6
4364,5
4365,4
4366,3
4367,4
4368,6
4369,4
4370,3
4371,5
4372,2
4373,4
4374,4
4375,4
4376,3
4377,4
4378,4
4379,3
4380,0
4381,4
4382,0
4383,3
4384,3
4385,4
4386,3
4387,5
4388,6
4389,2
4390,4
4391,3
4392,6
4393,3
4394,3
4395,6
4396,3
4397,0
4398,5
4399,6
4400,0
4401,0
4402,6
4403,6
4404,2
4405,2
4406,0
4407,2
4408,3
4409,0
4410,3
4411,5
4412,6
4413,6
4414,3
4415,3
4416,6
4417,4
4418,3
4419,1
4420,2
4421,2
4422,4
4423,2
4424,6
4425,3
4426,3
4427,3
4428,2
4429,0
4430,3
4431,2
4432,6
4433,3
4434,5
4435,5
4436,3
4437,4
4438,3
4439,5
4440,6
4441,4
4442,6
4443,3
4444,6
4445,3
4446,4
4447,4
4448,5
4449,3
4450,5
4451,6
4452,2
4453,3
4454,2
4455,0
4456,3
4457,2
4458,3
4459,3
4460,3
4461,2
4462,5
4463,2
4464,5
4465,2
4466,3
4467,3
4468,3
4469,5
4470,6
4471,4
4472,5
4473,4
4474,1
4475,5
4476,2
4477,6
4478,6
4479,6
4480,3
4481,5
4482,0
4483,4
4484,5
4485,0
4486,3
4487,4
4488,6
4489,2
4490,3
4491,6
4492,6
4493,6
4494,4
4495,3
4496,5
4497,3
4498,6
4499,3
4500,6
4501,0
4502,0
4503,5
4504,3
4505,6
4506,3
4507,2
4508,3
4509,4
4510,4
4511,4
4512,3
4513,0
4514,6
4515,5
4516,0
4517,3
4518,5
4519,4
4520,3
4521,3
4522,3
4523,3
4524,2
4525,0
4526,6
4527,6
4528,2
4529,6
4530,0
4531,4
4532,2
4533,5
4534,5
4535,6
4536,4
4537,2
4538,3
4539,4
4540,6
4541,6
4542,5
4543,5
4544,3
4545,2
4546,4
4547,6
4548,6
4549,2
4550,3
4551,2
4552,0
4553,3
4554,4
4555,3
4556,4
4557,6
4558,3
4559,3
4560,3
4561,0
4562,4
4563,3
4564,5
4565,6
4566,3
4567,3
4568,4
4569,3
4570,3
4571,6
4572,4
4573,0
4574,6
4575,3
4576,2
4577,6
4578,6
4579,2
4580,3
4581,5
4582,5
4583,6
4584,0
4585,3
4586,6
4587,4
4588,3
4589,3
4590,3
4591,2
4592,3
4593,3
4594,4
4595,0
4596,2
4597,6
4598,3
4599,4
4600,3
4601,4
4602,6
4603,2
4604,6
4605,2
4606,5
4607,4
4608,5
4609,6
4610,5
4611,3
4612,6
4613,0
4614,3
4615,3
4616,5
4617,3
4618,5
4619,4
4620,0
4621,5
4622,6
4623,2
4624,5
4625,2
4626,4
4627,5
4628,6
4629,4
4630,3
4631,6
4632,6
4633,0
4634,3
4635,3
4636,4
4637,5
4638,6
4639,2
4640,2
4641,4
4642,2
4643,4
4644,0
4645,6
4646,0
4647,4
4648,0
4649,3
4650,2
4651,2
4652,3
4653,6
4654,3
4655,4
4656,5
4657,0
4658,3
4659,3
4660,3
4661,4
4662,6
4663,2
4664,2
4665,4
4666,5
4667,3
4668,5
4669,6
4670,5
4671,4
4672,2
4673,6
4674,4
4675,1
4676,0
4677,5
4678,3
4679,1
4680,2
4681,5
4682,0
4683,3
4684,3
4685,5
4686,2
4687,6
4688,4
4689,4
4690,6
4691,4
4692,3
4693,0
4694,6
4695,6
4696,6
4697,6
4698,2
4699,3
4700,4
4701,6
4702,0
4703,5
4704,6
4705,3
4706,5
4707,3
4708,6
4709,4
4710,6
4711,2
4712,4
4713,4
4714,3
4715,3
4716,6
4717,4
4718,0
4719,5
4720,6
4721,5
4722,2
4723,5
4724,4
4725,0
4726,4
4727,6
4728,3
4729,6
4730,6
4731,5
4732,2
4733,3
4734,3
4735,0
4736,6
4737,0
4738,3
4739,4
4740,0
4741,0
4742,3
4743,3
4744,6
4745,5
4746,2
4747,2
4748,2
4749,4
4750,2
4751,6
4752,3
4753,5
4754,6
4755,3
4756,3
4757,6
4758,2
4759,0
4760,6
4761,3
4762,3
4763,6
4764,3
4765,2
4766,3
4767,6
4768,3
4769,4
4770,3
4771,3
4772,3
4773,0
4774,2
4775,5
4776,5
4777,3
4778,4
4779,6
4780,5
4781,6
4782,6
4783,3
4784,2
4785,6
4786,0
4787,6
4788,2
4789,5
4790,2
4791,6
4792,5
4793,5
4794,3
4795,3
4796,3
4797,4
4798,2
4799,3
4800,3
4801,0
4802,2
4803,3
4804,4
4805,3
4806,6
4807,4
4808,4
4809,4
4810,3
4811,1
4812,6
4813,6
4814,4
4815,0
4816,3
4817,3
4818,6
4819,3
4820,4
4821,3
4822,3
4823,3
4824,3
4825,3
4826,6
4827,2
4828,2
4829,4
4830,3
4831,0
4832,3
4833,3
4834,0
4835,2
4836,3
4837,4
4838,5
4839,2
4840,2
4841,4
4842,5
4843,3
4844,3
4845,5
4846,6
4847,4
4848,4
4849,4
4850,2
4851,0
4852,6
4853,1
4854,3
4855,6
4856,3
4857,3
4858,6
4859,5
4860,3
4861,5
4862,3
4863,2
4864,4
4865,6
4866,3
4867,4
4868,3
4869,0
4870,6
4871,0
4872,6
4873,6
4874,5
4875,0
4876,6
4877,4
4878,6
4879,2
4880,0
4881,2
4882,6
4883,0
4884,6
4885,5
4886,4
4887,4
4888,5
4889,0
4890,4
4891,4
4892,6
4893,0
4894,5
4895,4
4896,0
4897,2
4898,4
4899,2
4900,2
4901,4
4902,3
4903,2
4904,6
4905,2
4906,6
4907,2
4908,6
4909,4
4910,6
4911,3
4912,6
4913,4
4914,0
4915,2
4916,2
4917,2
4918,2
4919,6
4920,6
4921,0
4922,3
4923,5
4924,5
4925,0
4926,3
4927,3
4928,0
4929,3
4930,0
4931,6
4932,4
4933,3
4934,6
4935,3
4936,5
4937,0
4938,6
4939,2
4940,0
4941,6
4942,5
4943,5
4944,2
4945,3
4946,0
4947,6
4948,6
4949,3
4950,0
4951,6
4952,3
4953,0
4954,2
4955,4
4956,6
4957,3
4958,3
4959,5
4960,2
4961,3
4962,1
4963,0
4964,6
4965,0
4966,6
4967,3
4968,3
4969,5
4970,5
4971,4
4972,6
4973,0
4974,0
4975,3
4976,4
4977,3
4978,4
4979,6
4980,3
4981,4
4982,3
4983,4
4984,3
4985,4
4986,6
4987,3
4988,1
4989,2
4990,2
4991,6
4992,6
4993,2
4994,2
4995,6
4996,3
4997,6
4998,0
4999,4
5000,6
5001,2
5002,3
5003,3
5004,6
5005,6
5006,6
5007,4
5008,0
5009,6
5010,6
5011,2
5012,2
5013,3
5014,2
5015,3
5016,6
5017,4
5018,3
5019,3
5020,6
5021,0
5022,4
5023,3
5024,6
5025,6
5026,5
5027,4
5028,4
5029,5
5030,2
5031,2
5032,6
5033,3
5034,3
5035,0
5036,4
5037,5
5038,5
5039,4
5040,4
5041,4
5042,2
5043,6
5044,4
5045,6
5046,2
5047,5
5048,3
5049,3
5050,6
5051,5
5052,6
5053,3
5054,0
5055,0
5056,1
5057,4
5058,0
5059,6
5060,4
5061,3
5062,3
5063,0
5064,2
5065,0
5066,0
5067,4
5068,4
5069,0
5070,4
5071,5
5072,4
5073,6
5074,4
5075,2
5076,1
5077,6
5078,6
5079,4
5080,4
5081,2
5082,2
5083,4
5084,6
5085,6
5086,6
5087,4
5088,2
5089,2
5090,3
5091,4
5092,4
5093,0
5094,3
5095,6
5096,5
5097,5
5098,0
5099,6
5100,3
5101,0
5102,5
5103,0
5104,2
5105,4
5106,3
5107,5
5108,6
5109,3
5110,3
5111,6
5112,4
5113,6
5114,3
5115,6
5116,6
5117,5
5118,3
5119,2
5120,5
5121,0
5122,4
5123,6
5124,5
5125,6
5126,6
5127,2
5128,3
5129,2
5130,4
5131,3
5132,4
5133,3
5134,3
5135,3
5136,2
5137,3
5138,4
5139,1
5140,4
5141,6
5142,2
5143,3
5144,5
5145,3
5146,3
5147,4
5148,6
5149,2
5150,6
5151,5
5152,6
5153,6
5154,3
5155,6
5156,4
5157,6
5158,5
5159,3
5160,3
5161,6
5162,6
5163,6
5164,6
5165,6
5166,3
5167,6
5168,6
5169,4
5170,3
5171,5
5172,6
5173,4
5174,3
5175,5
5176,2
5177,4
5178,5
5179,0
5180,3
5181,0
5182,0
5183,2
5184,4
5185,6
5186,4
5187,3
5188,6
5189,0
5190,3
5191,4
5192,6
5193,2
5194,2
5195,6
5196,2
5197,4
5198,3
5199,5
5200,5
5201,6
5202,5
5203,5
5204,4
5205,4
5206,3
5207,3
5208,6
5209,3
5210,6
5211,5
5212,2
5213,6
5214,4
5215,2
5216,0
5217,3
5218,0
5219,3
5220,6
5221,0
5222,6
5223,5
5224,3
5225,3
5226,1
5227,2
5228,6
5229,6
5230,3
5231,6
5232,0
5233,6
5234,2
5235,6
5236,3
5237,0
5238,3
5239,4
5240,3
5241,3
5242,2
5243,4
5244,6
5245,6
5246,3
5247,4
5248,2
5249,2
5250,4
5251,4
5252,4
5253,2
5254,4
5255,5
5256,3
5257,6
5258,5
5259,5
5260,0
5261,4
5262,1
5263,2
5264,5
5265,2
5266,1
5267,4
5268,6
5269,0
5270,0
5271,5
5272,3
5273,3
5274,4
5275,6
5276,3
5277,4
5278,2
5279,6
5280,6
5281,0
5282,2
5283,3
5284,6
5285,5
5286,6
5287,1
5288,2
5289,5
5290,0
5291,3
5292,6
5293,6
5294,0
5295,3
5296,0
5297,5
5298,3
5299,5
5300,6
5301,5
5302,6
5303,4
5304,5
5305,6
5306,3
5307,3
5308,5
5309,6
5310,6
5311,3
5312,0
5313,6
5314,0
5315,0
5316,5
5317,5
5318,2
5319,3
5320,0
5321,3
5322,5
5323,6
5324,2
5325,3
5326,5
5327,3
5328,0
5329,6
5330,3
5331,5
5332,4
5333,3
5334,3
5335,3
5336,3
5337,2
5338,3
5339,6
5340,5
5341,3
5342,6
5343,5
5344,5
5345,3
5346,3
5347,3
5348,0
5349,3
5350,3
5351,4
5352,4
5353,4
5354,4
5355,2
5356,2
5357,3
5358,3
5359,6
5360,1
5361,0
5362,3
5363,6
5364,5
5365,4
5366,6
5367,4
5368,4
5369,6
5370,4
5371,4
5372,4
5373,4
5374,5
5375,3
5376,3
5377,0
5378,0
5379,2
5380,2
5381,0
5382,3
5383,3
5384,2
5385,6
5386,3
5387,4
5388,5
5389,2
5390,3
5391,6
5392,5
5393,2
5394,3
5395,6
5396,5
5397,4
5398,2
5399,3
5400,5
5401,3
5402,6
5403,5
5404,2
5405,5
5406,5
5407,0
5408,0
5409,2
5410,3
5411,3
5412,4
5413,6
5414,4
5415,6
5416,6
5417,5
5418,1
5419,4
5420,3
5421,3
5422,4
5423,4
5424,4
5425,0
5426,5
5427,4
5428,5
5429,2
5430,0
5431,0
5432,5
5433,6
5434,0
5435,2
5436,5
5437,3
5438,5
5439,3
5440,0
5441,0
5442,3
5443,0
5444,3
5445,6
5446,4
5447,6
5448,0
5449,6
5450,6
5451,3
5452,2
5453,6
5454,5
5455,3
5456,6
5457,4
5458,0
5459,5
5460,6
5461,5
5462,3
5463,6
5464,6
5465,3
5466,6
5467,0
5468,4
5469,0
5470,0
5471,5
5472,5
5473,0
5474,3
5475,6
5476,0
5477,5
5478,3
5479,5
5480,6
5481,5
5482,4
5483,6
5484,4
5485,6
5486,6
5487,4
5488,6
5489,4
5490,3
5491,2
5492,4
5493,2
5494,3
5495,3
5496,0
5497,6
5498,6
5499,0
5500,6
5501,3
5502,3
5503,3
5504,5
5505,5
5506,3
5507,3
5508,3
5509,2
5510,6
5511,3
5512,0
5513,4
5514,0
5515,6
5516,4
5517,5
5518,3
5519,5
5520,4
5521,2
5522,6
5523,6
5524,5
5525,4
5526,3
5527,5
5528,2
5529,5
5530,0
5531,5
5532,0
5533,4
5534,4
5535,3
5536,3
5537,3
5538,4
5539,2
5540,3
5541,2
5542,4
5543,4
5544,2
5545,1
5546,0
5547,3
5548,6
5549,3
5550,4
5551,1
5552,3
5553,4
5554,4
5555,6
5556,3
5557,3
5558,2
5559,0
5560,2
5561,3
5562,5
5563,6
5564,6
5565,0
5566,3
5567,5
5568,6
5569,4
5570,3
5571,6
5572,3
5573,3
5574,3
5575,4
5576,4
5577,2
5578,6
5579,6
5580,2
5581,5
5582,2
5583,3
5584,2
5585,3
5586,3
5587,3
5588,0
5589,2
5590,5
5591,6
5592,4
5593,3
5594,3
5595,3
5596,5
5597,0
5598,6
5599,5
5600,6
5601,6
5602,2
5603,6
5604,4
5605,3
5606,4
5607,3
5608,3
5609,3
5610,2
5611,2
5612,0
5613,6
5614,4
5615,6
5616,6
5617,2
5618,3
5619,2
5620,3
5621,6
5622,5
5623,6
5624,0
5625,5
5626,3
5627,6
5628,2
5629,4
5630,2
5631,4
5632,5
5633,4
5634,4
5635,3
5636,3
5637,4
5638,3
5639,3
5640,2
5641,2
5642,4
5643,5
5644,2
5645,3
5646,3
5647,0
5648,0
5649,4
5650,4
5651,0
5652,2
5653,3
5654,4
5655,6
5656,4
5657,5
5658,6
5659,3
5660,3
5661,5
5662,3
5663,4
5664,0
5665,4
5666,4
5667,3
5668,6
5669,3
5670,3
5671,6
5672,0
5673,3
5674,2
5675,0
5676,6
5677,5
5678,3
5679,3
5680,6
5681,0
5682,4
5683,3
5684,3
5685,5
5686,3
5687,5
5688,3
5689,3
5690,6
5691,6
5692,5
5693,6
5694,3
5695,4
5696,3
5697,0
5698,6
5699,2
5700,4
5701,3
5702,3
5703,5
5704,3
5705,4
5706,4
5707,6
5708,3
5709,0
5710,3
5711,6
5712,0
5713,3
5714,6
5715,0
5716,2
5717,6
5718,6
5719,0
5720,6
5721,3
5722,3
5723,3
5724,1
5725,0
5726,3
5727,3
5728,3
5729,3
5730,0
5731,5
5732,3
5733,0
5734,0
5735,6
5736,0
5737,3
5738,0
5739,3
5740,4
5741,3
5742,5
5743,2
5744,5
5745,3
5746,6
5747,6
5748,3
5749,0
5750,5
5751,4
5752,0
5753,4
5754,2
5755,3
5756,3
5757,2
5758,3
5759,0
5760,3
5761,3
5762,6
5763,3
5764,5
5765,3
5766,0
5767,4
5768,4
5769,0
5770,4
5771,3
5772,4
5773,6
5774,4
5775,3
5776,6
5777,2
5778,2
5779,3
5780,6
5781,2
5782,3
5783,2
5784,4
5785,3
5786,0
5787,4
5788,5
5789,3
5790,3
5791,5
5792,5
5793,3
5794,6
5795,4
5796,0
5797,1
5798,2
5799,4
5800,6
5801,0
5802,6
5803,3
5804,0
5805,6
5806,3
5807,2
5808,6
5809,6
5810,2
5811,1
5812,6
5813,6
5814,3
5815,6
5816,6
5817,3
5818,6
5819,3
5820,3
5821,3
5822,6
5823,3
5824,2
5825,6
5826,0
5827,0
5828,2
5829,4
5830,4
5831,6
5832,4
5833,4
5834,2
5835,3
5836,0
5837,2
5838,2
5839,6
5840,2
5841,3
5842,0
5843,4
5844,0
5845,3
5846,3
5847,6
5848,3
5849,5
5850,3
5851,4
5852,2
5853,2
5854,6
5855,6
5856,3
5857,5
5858,3
5859,3
5860,5
5861,3
5862,6
5863,3
5864,4
5865,2
5866,3
5867,0
5868,4
5869,2
5870,5
5871,0
5872,3
5873,0
5874,6
5875,5
5876,6
5877,3
5878,4
5879,3
5880,6
5881,0
5882,5
5883,2
5884,0
5885,5
5886,4
5887,6
5888,4
5889,2
5890,6
5891,3
5892,3
5893,1
5894,3
5895,6
5896,3
5897,4
5898,5
5899,3
5900,3
5901,0
5902,6
5903,5
5904,6
5905,6
5906,3
5907,0
5908,0
5909,3
5910,4
5911,6
5912,0
5913,6
5914,1
5915,0
5916,0
5917,6
5918,4
5919,0
5920,4
5921,0
5922,4
5923,3
5924,0
5925,0
5926,2
5927,6
5928,6
5929,6
5930,0
5931,6
5932,2
5933,2
5934,6
5935,0
5936,3
5937,3
5938,6
5939,5
5940,5
5941,3
5942,3
5943,6
5944,2
5945,4
5946,6
5947,5
5948,2
5949,6
5950,3
5951,2
5952,2
5953,4
5954,3
5955,6
5956,5
5957,6
5958,4
5959,2
5960,6
5961,3
5962,6
5963,6
5964,4
5965,6
5966,5
5967,2
5968,0
5969,4
5970,4
5971,6
5972,5
5973,3
5974,6
5975,3
5976,4
5977,6
5978,0
5979,1
5980,3
5981,3
5982,3
5983,4
5984,6
5985,3
5986,0
5987,3
5988,3
5989,2
5990,0
5991,2
5992,0
5993,5
5994,3
5995,3
5996,0
5997,4
5998,5
5999,4
6000,6
6001,3
6002,5
6003,5
6004,3
6005,0
6006,5
6007,4
6008,3
6009,2
6010,6
6011,0
6012,3
6013,5
6014,4
6015,2
6016,3
6017,5
6018,3
6019,6
6020,6
6021,6
6022,2
6023,0
6024,4
6025,4
6026,5
6027,2
6028,3
6029,3
6030,5
6031,6
6032,4
6033,6
6034,3
6035,5
6036,4
6037,6
6038,3
6039,3
6040,3
6041,0
6042,0
6043,6
6044,6
6045,3
6046,3
6047,5
6048,3
6049,5
6050,3
6051,3
6052,3
6053,3
6054,4
6055,6
6056,6
6057,3
6058,4
6059,5
6060,3
6061,6
6062,5
6063,3
6064,3
6065,3
6066,3
6067,5
6068,3
6069,5
6070,0
6071,4
6072,1
6073,0
6074,6
6075,3
6076,2
6077,2
6078,3
6079,2
6080,4
6081,4
6082,6
6083,3
6084,3
6085,1
6086,5
6087,4
6088,5
6089,6
6090,5
6091,6
6092,5
6093,6
6094,6
6095,6
6096,6
6097,5
6098,0
6099,6
6100,5
6101,4
6102,2
6103,2
6104,3
6105,5
6106,4
6107,3
6108,5
6109,5
6110,2
6111,3
6112,4
6113,6
6114,3
6115,4
6116,5
6117,3
6118,5
6119,6
6120,3
6121,3
6122,4
6123,6
6124,3
6125,5
6126,2
6127,5
6128,3
6129,6
6130,6
6131,4
6132,3
6133,3
6134,0
6135,5
6136,5
6137,3
6138,6
6139,3
6140,5
6141,5
6142,2
6143,6
6144,4
6145,2
6146,6
6147,3
6148,4
6149,3
6150,4
6151,2
6152,0
6153,3
6154,3
6155,2
6156,3
6157,4
6158,4
6159,3
6160,4
6161,0
6162,6
6163,3
6164,2
6165,6
6166,3
6167,6
6168,0
6169,0
6170,5
6171,2
6172,3
6173,5
6174,3
6175,3
6176,3
6177,6
6178,4
6179,2
6180,3
6181,6
6182,3
6183,2
6184,3
6185,3
6186,3
6187,4
6188,6
6189,0
6190,5
6191,4
6192,6
6193,3
6194,2
6195,6
6196,5
6197,4
6198,2
6199,0
6200,5
6201,3
6202,6
6203,3
6204,4
6205,4
6206,3
6207,6
6208,5
6209,4
6210,0
6211,4
6212,6
6213,3
6214,3
6215,5
6216,6
6217,2
6218,5
6219,4
6220,3
6221,2
6222,6
6223,3
6224,2
6225,5
6226,3
6227,6
6228,3
6229,6
6230,4
6231,5
6232,6
6233,3
6234,4
6235,6
6236,0
6237,4
6238,4
6239,1
6240,1
6241,3
6242,4
6243,3
6244,3
6245,4
6246,3
6247,0
6248,5
6249,5
6250,1
6251,2
6252,0
6253,3
6254,4
6255,0
6256,0
6257,3
6258,6
6259,0
6260,0
6261,3
6262,6
6263,6
6264,2
6265,3
6266,5
6267,3
6268,5
6269,6
6270,6
6271,6
6272,6
6273,2
6274,4
6275,0
6276,5
6277,4
6278,5
6279,5
6280,4
6281,6
6282,5
6283,4
6284,6
6285,6
6286,6
6287,3
6288,3
6289,2
6290,4
6291,3
6292,3
6293,3
6294,5
6295,2
6296,6
6297,0
6298,4
6299,3
6300,4
6301,2
6302,4
6303,6
6304,0
6305,0
6306,6
6307,1
6308,3
6309,4
6310,4
6311,4
6312,0
6313,6
6314,2
6315,4
6316,6
6317,6
6318,2
6319,3
6320,0
6321,3
6322,6
6323,0
6324,4
6325,0
6326,0
6327,3
6328,5
6329,6
6330,2
6331,4
6332,0
6333,0
6334,3
6335,4
6336,2
6337,0
6338,4
6339,3
6340,1
6341,5
6342,3
6343,0
6344,6
6345,6
6346,3
6347,0
6348,4
6349,3
6350,4
6351,0
6352,2
6353,0
6354,3
6355,5
6356,4
6357,3
6358,6
6359,3
6360,4
6361,3
6362,6
6363,4
6364,6
6365,0
6366,5
6367,6
6368,5
6369,6
6370,6
6371,0
6372,0
6373,4
6374,3
6375,5
6376,4
6377,4
6378,3
6379,5
6380,0
6381,3
6382,3
6383,4
6384,0
6385,0
6386,2
6387,2
6388,3
6389,2
6390,4
6391,0
6392,6
6393,3
6394,6
6395,3
6396,6
6397,4
6398,6
6399,4
6400,6
6401,3
6402,6
6403,2
6404,6
6405,0
6406,2
6407,1
6408,4
6409,3
6410,5
6411,1
6412,2
6413,5
6414,4
6415,6
6416,6
6417,2
6418,6
6419,6
6420,4
6421,6
6422,3
6423,4
6424,5
6425,3
6426,3
6427,0
6428,6
6429,4
6430,5
6431,3
6432,6
6433,3
6434,3
6435,0
6436,5
6437,0
6438,0
6439,3
6440,4
6441,0
6442,5
6443,5
6444,5
6445,3
6446,5
6447,4
6448,0
6449,6
6450,4
6451,3
6452,4
6453,0
6454,0
6455,3
6456,3
6457,4
6458,6
6459,6
6460,0
6461,6
6462,0
6463,3
6464,3
6465,4
6466,5
6467,5
6468,4
6469,3
6470,4
6471,4
6472,6
6473,3
6474,3
6475,4
6476,2
6477,5
6478,4
6479,4
6480,5
6481,4
6482,0
6483,6
6484,4
6485,0
6486,5
6487,4
6488,5
6489,3
6490,4
6491,3
6492,3
6493,5
6494,2
6495,6
6496,4
6497,4
6498,2
6499,0
6500,6
6501,3
6502,0
6503,5
6504,5
6505,3
6506,4
6507,3
6508,2
6509,0
6510,6
6511,5
6512,6
6513,5
6514,3
6515,0
6516,6
6517,3
6518,5
6519,6
6520,0
6521,6
6522,2
6523,6
6524,6
6525,6
6526,3
6527,6
6528,0
6529,5
6530,2
6531,3
6532,6
6533,6
6534,3
6535,0
6536,2
6537,2
6538,5
6539,3
6540,0
6541,5
6542,0
6543,2
6544,3
6545,3
6546,6
6547,0
6548,3
6549,4
6550,3
6551,4
6552,2
6553,2
6554,6
6555,2
6556,5
6557,3
6558,2
6559,6
6560,4
6561,4
6562,0
6563,0
6564,0
6565,6
6566,5
6567,4
6568,5
6569,3
6570,1
6571,4
6572,2
6573,5
6574,4
6575,3
6576,6
6577,5
6578,4
6579,3
6580,5
6581,2
6582,6
6583,3
6584,0
6585,3
6586,6
6587,3
6588,1
6589,6
6590,3
6591,3
6592,6
6593,3
6594,4
6595,4
6596,3
6597,5
6598,6
6599,0
6600,3
6601,6
6602,3
6603,6
6604,3
6605,0
6606,4
6607,2
6608,5
6609,2
6610,4
6611,4
6612,3
6613,3
6614,4
6615,2
6616,3
6617,4
6618,0
6619,0
6620,0
6621,2
6622,2
6623,4
6624,6
6625,5
6626,2
6627,4
6628,0
6629,4
6630,4
6631,3
6632,3
6633,4
6634,3
6635,3
6636,0
6637,6
6638,3
6639,5
6640,2
6641,5
6642,3
6643,2
6644,4
6645,0
6646,5
6647,5
6648,6
6649,4
6650,3
6651,4
6652,5
6653,3
6654,2
6655,2
6656,3
6657,6
6658,6
6659,3
6660,0
6661,3
6662,3
6663,3
6664,3
6665,6
6666,0
6667,2
6668,1
6669,3
6670,6
6671,2
6672,4
6673,3
6674,6
6675,6
6676,5
6677,2
6678,4
6679,5
6680,5
6681,3
6682,5
6683,1
6684,6
6685,4
6686,2
6687,6
6688,2
6689,4
6690,6
6691,6
6692,6
6693,0
6694,2
6695,4
6696,3
6697,6
6698,0
6699,6
6700,6
6701,1
6702,6
6703,4
6704,3
6705,2
6706,6
6707,4
6708,6
6709,6
6710,6
6711,3
6712,3
6713,4
6714,3
6715,4
6716,3
6717,0
6718,3
6719,2
6720,3
6721,6
6722,6
6723,4
6724,5
6725,5
6726,2
6727,3
6728,6
6729,4
6730,4
6731,2
6732,3
6733,4
6734,6
6735,3
6736,0
6737,5
6738,6
6739,4
6740,4
6741,4
6742,6
6743,0
6744,3
6745,2
6746,4
6747,4
6748,0
6749,2
6750,2
6751,3
6752,6
6753,5
6754,4
6755,4
6756,4
6757,5
6758,0
6759,3
6760,5
6761,4
6762,0
6763,2
6764,6
6765,3
6766,6
6767,2
6768,6
6769,6
6770,6
6771,6
6772,2
6773,3
6774,4
6775,0
6776,6
6777,4
6778,4
6779,6
6780,4
6781,0
6782,4
6783,2
6784,6
6785,4
6786,3
6787,2
6788,4
6789,3
6790,5
6791,3
6792,6
6793,3
6794,0
6795,6
6796,4
6797,5
6798,0
6799,6
6800,3
6801,4
6802,4
6803,5
6804,4
6805,5
6806,0
6807,5
6808,4
6809,3
6810,6
6811,6
6812,6
6813,3
6814,0
6815,4
6816,5
6817,3
6818,0
6819,0
6820,2
6821,3
6822,5
6823,5
6824,6
6825,4
6826,0
6827,6
6828,3
6829,4
6830,5
6831,0
6832,5
6833,2
6834,0
6835,2
6836,2
6837,3
6838,6
6839,3
6840,3
6841,4
6842,4
6843,4
6844,3
6845,6
6846,1
6847,3
6848,6
6849,6
6850,2
6851,3
6852,0
6853,3
6854,5
6855,4
6856,3
6857,0
6858,3
6859,0
6860,5
6861,0
6862,5
6863,6
6864,0
6865,4
6866,4
6867,2
6868,6
6869,2
6870,3
6871,3
6872,1
6873,6
6874,3
6875,0
6876,6
6877,3
6878,5
6879,3
6880,6
6881,3
6882,3
6883,4
6884,2
6885,0
6886,4
6887,6
6888,2
6889,0
6890,3
6891,4
6892,4
6893,5
6894,3
6895,3
6896,3
6897,6
6898,5
6899,0
6900,5
6901,2
6902,4
6903,0
6904,2
6905,3
6906,6
6907,2
6908,5
6909,2
6910,0
6911,0
6912,6
6913,2
6914,2
6915,6
6916,0
6917,3
6918,6
6919,3
6920,6
6921,2
6922,4
6923,6
6924,6
6925,0
6926,6
6927,3
6928,5
6929,3
6930,3
6931,6
6932,6
6933,2
6934,6
6935,2
6936,3
6937,1
6938,6
6939,3
6940,0
6941,6
6942,6
6943,0
6944,6
6945,3
6946,6
6947,4
6948,4
6949,4
6950,2
6951,4
6952,2
6953,2
6954,5
6955,4
6956,3
6957,0
6958,5
6959,2
6960,6
6961,6
6962,6
6963,4
6964,2
6965,6
6966,4
6967,3
6968,3
6969,3
6970,2
6971,6
6972,6
6973,0
6974,0
6975,2
6976,5
6977,3
6978,0
6979,3
6980,5
6981,4
6982,2
6983,6
6984,6
6985,1
6986,5
6987,5
6988,4
6989,2
6990,3
6991,4
6992,0
6993,3
6994,3
6995,4
6996,4
6997,6
6998,2
6999,3
7000,0
7001,0
7002,4
7003,2
7004,5
7005,3
7006,4
7007,3
7008,4
7009,6
7010,4
7011,3
7012,4
7013,3
7014,4
7015,0
7016,3
7017,3
7018,2
7019,6
7020,3
7021,4
7022,2
7023,4
7024,4
7025,3
7026,3
7027,4
7028,6
7029,3
7030,5
7031,3
7032,6
7033,6
7034,4
7035,3
7036,2
7037,6
7038,6
7039,6
7040,6
7041,3
7042,5
7043,2
7044,2
7045,4
7046,3
7047,6
7048,4
7049,2
7050,3
7051,3
7052,2
7053,4
7054,3
7055,3
7056,6
7057,6
7058,2
7059,3
7060,4
7061,3
7062,3
7063,3
7064,5
7065,0
7066,0
7067,6
7068,0
7069,2
7070,0
7071,6
7072,2
7073,6
7074,4
7075,4
7076,4
7077,5
7078,1
7079,6
7080,0
7081,6
7082,5
7083,6
7084,3
7085,4
7086,3
7087,0
7088,5
7089,6
7090,5
7091,6
7092,2
7093,3
7094,6
7095,3
7096,3
7097,1
7098,4
7099,6
7100,2
7101,0
7102,4
7103,6
7104,6
7105,6
7106,3
7107,0
7108,3
7109,0
7110,5
7111,4
7112,0
7113,6
7114,4
7115,5
7116,0
7117,4
7118,2
7119,6
7120,0
7121,5
7122,6
7123,5
7124,2
7125,5
7126,4
7127,0
7128,3
7129,3
7130,0
7131,3
7132,6
7133,1
7134,6
7135,3
7136,4
7137,3
7138,3
7139,0
7140,5
7141,0
7142,3
7143,4
7144,6
7145,4
7146,0
7147,4
7148,3
7149,5
7150,2
7151,6
7152,3
7153,6
7154,6
7155,5
7156,4
7157,3
7158,6
7159,3
7160,3
7161,3
7162,0
7163,4
7164,6
7165,2
7166,5
7167,5
7168,3
7169,2
7170,6
7171,4
7172,5
7173,0
7174,6
7175,3
7176,0
7177,3
7178,2
